id;identidade;cpf;posto_graduacao;nome;nome_guerra;email;foto;foto_content_type;posto_id;om_id
1;3547;30569;boohoo rough finally;above;affiliate increase inasmuch;Marcela_Braga@hotmail.com;../fake-data/blob/hipster.png;image/png;1;1
2;30460;28746;cinder atop beyond;sharply;warmly;Natalia_Moraes@yahoo.com;../fake-data/blob/hipster.png;image/png;2;2
3;32291;9241;barring which lest;supposing;reassuringly member;Julia.Saraiva7@live.com;../fake-data/blob/hipster.png;image/png;3;3
4;7347;10257;hmph uh-huh yippee;compute tug;curvy notebook;Danilo_Braga@bol.com.br;../fake-data/blob/hipster.png;image/png;4;4
5;8761;30874;streetcar sharply;what industrialize;center;Noah.Saraiva45@gmail.com;../fake-data/blob/hipster.png;image/png;5;5
6;726;21458;claw picture;isolation ah down;batter;Maite.Braga66@gmail.com;../fake-data/blob/hipster.png;image/png;6;6
7;26912;10542;although ugh;whoa;cheap amid;Sirineu_Franco94@gmail.com;../fake-data/blob/hipster.png;image/png;7;7
8;22285;1460;complicated hare obediently;extra-small down quietly;swear;Silvia72@yahoo.com;../fake-data/blob/hipster.png;image/png;8;8
9;32735;4380;among vaguely;usurp zowie;chess complex;Livia_Melo@yahoo.com;../fake-data/blob/hipster.png;image/png;9;9
10;22174;4494;quietly;provided shy to;unlike glass;Noah15@bol.com.br;../fake-data/blob/hipster.png;image/png;10;10
